sku_id,brand,name,image_1,image_2,price,apparel,occasion,dress_code,url,,,,,,,,,,
1,BCBG,MAURICE SLIM-LEG PINTUCKED TROUSER,BCBG01.jpg,BCBG02.jpg,198,pant,day to day,"biz casual, smart casual",http://www.bcbg.com/en/maurice-slim-leg-pintucked-trouser/DVB2G038-221.html?dwvar_DVB2G038-221_color=221,,,,,,,,,,
2,BCBG,KURRA SLIM-LEG TROUSER,BCBG03.jpg,BCBG04.jpg,138,pant,day to day,"biz casual, smart casual",http://www.bcbg.com/en/kurra-slim-leg-trouser/RND2F934-001.html?dwvar_RND2F934-001_color=001#q=trousers&start=1,,,,,,,,,,
4,BCBG,JAYMES PEPLUM MOTO JACKET,BCBG07.jpg,BCBG08.jpg,228,blazer,"client meeting, big presentation","biz formal, biz casual",http://www.bcbg.com/en/jaymes-peplum-moto-jacket/XMM4I734-001.html?dwvar_XMM4I734-001_color=001,,,,,,,,,,
5,BCBG,ARELIA A-LINE COAT,BCBG09.jpg,BCBG10.jpg,298,coat,"interview, client meeting, big presentation",biz formal,http://www.bcbg.com/en/arelia-a-line-coat/AUU4E367-001.html?dwvar_AUU4E367-001_color=001,,,,,,,,,,
6,BCBG,ADELE FLORAL PRINT WRAP DRESS,BCBG11.jpg,BCBG12.jpg,198,dress,"first day, client meeting, big presentation, day to day","biz casual, smart casual",http://www.bcbg.com/en/adele-floral-print-wrap-dress/ZJF66H37-H66.html?dwvar_ZJF66H37-H66_color=H66,,,,,,,,,,
7,BCBG,ADELE TRIANGLE PRINT WRAP DRESS,BCBG13.jpg,BCBG14.jpg,198,dress,"first day, client meeting, big presentation, day to day","biz casual, smart casual",http://shop.nordstrom.com/s/bcbgmaxazria-adele-jersey-wrap-dress/4265360?origin=related-4265360--4-ZERO-Rich_Relevance_Recs_API-98&recs_type=related&recs_productId=4265360&recs_categoryId=&recs_productOrder=4&recs_placementId=ZERO&recs_source=Rich_Relevance_Recs_API&recs_strategy=98&recs_referringPageType=search_page,,,,,,,,,,
8,BCBG,PENCIL SKIRT,BCBG15.jpg,BCBG16.jpg,178,skirt,"day to day, happy hour",biz casual,http://www.bcbg.com/en/pencil-skirt/LHL3C615-S0O.html?dwvar_LHL3C615-S0O_color=S0O,,,,,,,,,,
9,BCBG,FOIL PRINT POWER SKIRT,BCBG17.jpg,BCBG18.jpg,198,skirt,"day to day, happy hour",biz casual,http://www.bcbg.com/en/foil-print-power-skirt/LHG3F826-O0C.html?dwvar_LHG3F826-O0C_color=O0C,,,,,,,,,,
10,Zara,TUBE SKIRT,Z01.jpg,Z02.jpg,49,skirt,"day to day, happy hour",biz casual,http://www.zara.com/us/en/woman/skirts/view-all/tube-skirt-c719016p3245222.html,,,,,,,,,,
11,Zara,LONG CASHMERE SKIRT,Z03.jpg,Z04.jpg,129,skirt,"day to day, happy hour, casual friday",smart casual,http://www.zara.com/us/en/woman/skirts/view-all/long-cashmere-skirt-c719016p3221516.html,,,,,,,,,,
12,Zara,TUBE DRESS WITH PIPING,Z05.jpg,Z06.jpg,69.9,dress,"client meeting, day to day, big presentation",biz casual,http://www.zara.com/us/en/woman/wear-to-work/tube-dress-with-piping-c810001p3226087.html,,,,,,,,,,
13,Zara,GREY BLAZER,Z07.jpg,Z08.jpg,99.9,blazer,"first day, client meeting, big presentation",biz formal,http://www.zara.com/us/en/woman/blazers/grey-blazer-c797504p3275552.html,,,,,,,,,,
14,Zara,JACKET WITH BUTTON,Z09.jpg,Z10.jpg,129,blazer,"first day, client meeting, big presentation",biz formal,http://www.zara.com/us/en/woman/blazers/jacket-with-button-c797504p3219091.html,,,,,,,,,,
15,Zara,CHINOS,Z11.jpg,Z12.jpg,49.9,pant,"casual friday, day to day","biz casual, smart casual",http://www.zara.com/us/en/woman/wear-to-work/chinos-c810001p3256173.html,,,,,,,,,,
16,Zara,SHORT BLAZER,Z11.jpg,Z12.jpg,99.9,blazer,"first day, client meeting, big presentation",biz formal,http://www.zara.com/us/en/woman/wear-to-work/short-blazer-c810001p3289649.html,,,,,,,,,,
17,Zara,CASUAL SHIRT,Z13.jpg,Z14.jpg,39.9,blouse,"day to day, casual friday","biz casual, smart casual",http://www.zara.com/us/en/woman/tops/view-all/casual-shirt-c719021p3250082.html,,,,,,,,,,
18,Zara,BOAT NECK BLOUSE,Z15.jpg,Z16.jpg,49.9,blouse,"day to day, casual friday","biz casual, smart casual",http://www.zara.com/us/en/woman/tops/view-all/boat-neck-blouse-c719021p3302513.html,,,,,,,,,,
19,Zara,PLEATED YOKE SHIRT,Z17.jpg,Z18.jpg,35.9,blouse,"day to day, casual friday","biz casual, smart casual",http://www.zara.com/us/en/woman/tops/view-all/pleated-yoke-shirt-c719021p3239156.html,,,,,,,,,,
20,Zara,STRIPED POPLIN SHIRT,Z19.jpg,Z20.jpg,29.9,blouse,"day to day, casual friday","biz casual, smart casual",http://www.zara.com/us/en/woman/tops/view-all/striped-poplin-shirt-c719021p3239112.html,,,,,,,,,,
21,Zara,CONTRAST TOP,Z21.jpg,Z22.jpg,39.9,top,"day to day, casual friday","smart casual, biz casual, tech casual",http://www.zara.com/us/en/woman/tops/view-all/contrast-top-c719021p3292618.html,,,,,,,,,,
22,Zara,CONTRAST POPLIN TOP,Z23.jpg,Z24.jpg,39.9,top,"day to day, casual friday","smart casual, biz casual, tech casual",http://www.zara.com/us/en/woman/tops/view-all/contrast-poplin-top-c719021p3213666.html,,,,,,,,,,
23,Banana Republic,NEW SLOAN-FIT SLIM ANKLE PANT,BR13.jpg,BR14.jpg,88,pant,"casual friday, day to day","biz casual, smart casual",http://bananarepublic.gap.com/browse/product.do?cid=1050458&vid=1&pid=183602012,,,,,,,,,,
24,Banana Republic,SLOAN-FIT CROSSOVER PENCIL SKIRT,BR15.jpg,BR16.jpg,88,skirt,"day to day, happy hour",biz casual,http://bananarepublic.gap.com/browse/product.do?cid=1050458&vid=1&pid=186463012,,,,,,,,,,
25,Banana Republic,RYAN-FIT BLACK SLIM-STRAIGHT PANT,BR17.jpg,BR18.jpg,88,pant,"casual friday, day to day","biz casual, smart casual",http://bananarepublic.gap.com/browse/product.do?cid=1050458&vid=1&pid=175335012,,,,,,,,,,
26,Banana Republic,V-NECK RUFFLE TANK,BR19.jpg,BR20.jpg,68,top,"day to day, casual friday","biz casual, smart casual",http://bananarepublic.gap.com/browse/product.do?cid=1050295&vid=1&pid=185435012,,,,,,,,,,
27,Banana Republic,RILEY-FIT COBALT SHIRT,BR21.jpg,BR22.jpg,68,blouse,"day to day, casual friday","biz casual, smart casual",http://bananarepublic.gap.com/browse/product.do?cid=1050292&vid=1&pid=186547002,,,,,,,,,,
28,Banana Republic,EXTRA-FINE MERINO WOOL PULLOVER SWEATER,BR23.jpg,BR24.jpg,78,sweater,"happy hour, day to day, casual friday","biz casual, smart casual",http://bananarepublic.gap.com/browse/product.do?cid=77996&vid=1&pid=174620032,,,,,,,,,,
29,Banana Republic,POINTELLE PIMA COTTON CASHMERE VEE PULLOVER,BR25.jpg,BR26.jpg,78,sweater,"happy hour, day to day, casual friday","biz casual, smart casual",http://bananarepublic.gap.com/browse/product.do?cid=77996&vid=1&pid=183818002,,,,,,,,,,
30,Banana Republic,PIMA COTTON CASHMERE TURTLENECK SWEATER,BR27.jpg,BR28.jpg,68,sweater,"happy hour, day to day, casual friday","biz casual, smart casual",http://bananarepublic.gap.com/browse/product.do?cid=77996&vid=1&pid=183815032,,,,,,,,,,
31,Banana Republic,Sloan-Fit Garment-Dye Utility Ankle Pant,BR29.jpg,BR30.jpg,88,pant,"day to day, happy hour, casual friday","smart casual, tech casual",http://bananarepublic.gap.com/browse/product.do?cid=1009305&vid=1&pid=170633012,,,,,,,,,,
32,Banana Republic,WATERCOLOR PLEATED SKIRT,BR31.jpg,BR32.jpg,129.99,skirt,"day to day, happy hour, client meeting",biz casual,http://bananarepublic.gap.com/browse/product.do?pid=183980,,,,,,,,,,
33,Banana Republic,GRAY LIGHTWEIGHT WOOL PENCIL SKIRT,BR33.jpg,BR34.jpg,89.5,skirt,"day to day, happy hour",biz casual,http://bananarepublic.gap.com/browse/product.do?cid=35288&vid=1&pid=673376002,,,,,,,,,,
34,Ann Taylor,ALL-SEASON STRETCH ONE BUTTON JACKET,AT12.jpg,AT13.jpg,169,"blazer, suit","interview, first day, client meeting, big presentation",biz formal,http://www.anntaylor.com/all-season-stretch-one-button-jacket/379001?skuId=19196015&defaultColor=1878&colorExplode=false&catid=cata000013,,,,,,,,,,
35,Ann Taylor,ANN ALL-SEASON STRETCH TROUSERS,AT14.jpg,AT15.jpg,98,"pant, suit","interview, first day, client meeting, big presentation","biz casual, biz formal",http://www.anntaylor.com/ann-all-season-stretch-trousers/379522,,,,,,,,,,
36,Ann Taylor,ALL-SEASON STRETCH PENCIL SKIRT,AT16.jpg,AT17.jpg,89,"skirt, suit","interview, first day, client meeting, big presentation","biz casual, biz formal",http://www.anntaylor.com/all-season-stretch-pencil-skirt/320135?skuId=15432599&defaultColor=6600&colorExplode=false&catid=cata000013,,,,,,,,,,
37,Ann Taylor,ALL-SEASON STRETCH TROUSERS,AT18.jpg,AT19.jpg,98,"pant, suit","interview, first day, client meeting, big presentation",biz formal,http://www.anntaylor.com/ann-all-season-stretch-trousers/379691?skuId=19361222&defaultColor=6600&colorExplode=false&catid=cata000013,,,,,,,,,,
38,Ann Taylor,ALL-SEASON STRETCH TWO BUTTON JACKET,AT20.jpg,AT21.jpg,169,"blazer, suit","interview, first day, client meeting, big presentation",biz formal,http://www.anntaylor.com/all-season-stretch-two-button-jacket/377201?skuId=19695860&defaultColor=6600&colorExplode=false&catid=cata000013,,,,,,,,,,
39,Ann Taylor,Birdseye one button jacket,AT22.jpg,AT23.jpg,198,"blazer, suit","interview, first day, client meeting, big presentation",biz formal,http://www.anntaylor.com/birdseye-one-button-jacket/394320?skuId=20142612&defaultColor=6203&colorExplode=false&catid=cata000013,,,,,,,,,,
40,Ann Taylor,BIRDSEYE HIGH WAIST PENCIL SKIRT,AT24.jpg,AT25.jpg,109,"skirt, suit","interview, first day, client meeting, big presentation, day to day","biz casual, biz formal",http://www.anntaylor.com/birdseye-high-waist-pencil-skirt/385846,,,,,,,,,,
42,Ann Taylor,MERINO WOOL DOUBLE V SWEATER,AT28.jpg,AT29.jpg,79.5,sweater,"happy hour, day to day, casual friday","biz casual, smart casual",http://www.anntaylor.com/merino-wool-double-v-sweater/387669?skuId=20399702&defaultColor=5312&colorExplode=false&catid=cata000011,,,,,,,,,,
43,Ann Taylor,3/4 SLEEVE ANN CARDIGAN,AT30.jpg,AT31.jpg,69.5,sweater,"happy hour, day to day, casual friday","biz casual, smart casual",http://www.anntaylor.com/3/4-sleeve-ann-cardigan/396428?skuId=20382490&defaultColor=6600&colorExplode=false&catid=cata000011,,,,,,,,,,
44,Ann Taylor,DIAGONAL STRIPE SWEATER,AT32.jpg,AT33.jpg,79.99,sweater,"happy hour, day to day, casual friday","biz casual, smart casual",http://www.anntaylor.com/diagonal-stripe-sweater/400995?skuId=20459819&defaultColor=1246&colorExplode=false&catid=cata000011,,,,,,,,,,
45,Ann Taylor,RIBBED BOATNECK SWEATER,AT34.jpg,AT35.jpg,79.5,sweater,"happy hour, day to day, casual friday","biz casual, smart casual",http://www.anntaylor.com/ribbed-boatneck-sweater/387108?skuId=20389017&defaultColor=3402&colorExplode=false&catid=cata000011,,,,,,,,,,
46,Ann Taylor,DRAPEY PEPLUM SHELL,AT36.jpg,AT37.jpg,69.5,top,"day to day, casual friday","biz casual, smart casual",http://www.anntaylor.com/drapey-peplum-shell-/387779?skuId=20343316&defaultColor=9192&colorExplode=false&catid=cat2610003,,,,,,,,,,
47,Ann Taylor,POPOVER CAMP S HIRT,AT38.jpg,AT39.jpg,79.5,top,"day to day, casual friday","smart casual, biz casual, tech casual",http://www.anntaylor.com/popover-camp-shirt/387695?skuId=20342081&defaultColor=0845&colorExplode=false&catid=cat2940015,,,,,,,,,,
48,Ann Taylor,PERFECT SHIRT,AT40.jpg,AT41.jpg,39.5,blouse,"day to day, casual friday","biz casual, smart casual",http://www.anntaylor.com/perfect-shirt/379618,,,,,,,,,,
49,Ann Taylor,TWO-IN-ONE TOP,AT42.jpg,AT43.jpg,49.5,top,"day to day, casual friday","smart casual, biz casual, tech casual",http://www.anntaylor.com/two-in-one-top/399660?skuId=20575236&defaultColor=5720&colorExplode=false&catid=cat70008,,,,,,,,,,
50,Ann Taylor,PETITE FLARED KNIT SKIRT,AT44.jpg,AT45.jpg,98,skirt,"day to day, happy hour",biz casual,http://www.anntaylor.com/petite-flared-knit-skirt/395181?skuId=20307974&defaultColor=6600&colorExplode=false&catid=cata000031,,,,,,,,,,
51,Ann Taylor,STRUCTURED PEPLUM SHORT SLEEVE TOP,AT46.jpg,AT47.jpg,59.5,"top, suit","first day, client meeting, big presentation","biz casual, biz formal",http://www.anntaylor.com/structured-peplum-short-sleeve-top/398572?skuId=20346393&defaultColor=1048&colorExplode=false&catid=cat70008,,,,,,,,,,
52,Ann Taylor,PETITE PONTE PENCIL SKIRT,AT46.jpg,AT48.jpg,98,"skirt, suit","first day, client meeting, big presentation","biz casual, biz formal",http://www.anntaylor.com/petite-ponte-pencil-skirt/397754?skuId=20147143&defaultColor=6716&colorExplode=false&catid=cata000031,,,,,,,,,,
55,J. Crew,FINE-STRIPE V-NECK CARDIGAN SWEATER,JC12.jpg,JC13.jpg,59.99,sweater,"happy hour, day to day, casual friday","biz casual, smart casual",https://www.jcrew.com/womens_category/sweaters/cardigans/PRDOVR~E8240/E8240.jsp,,,,,,,,,,
56,J. Crew,V-NECK CARDIGAN SWEATER IN MERINO WOOL,JC14.jpg,JC15.jpg,49.99,sweater,"happy hour, day to day, casual friday","biz casual, smart casual",https://www.jcrew.com/womens_category/sweaters/cardigans/PRDOVR~E8256/E8256.jsp,,,,,,,,,,
57,J. Crew,RHODES BLAZER IN ITALIAN WOOL,JC16.jpg,JC17.jpg,248,blazer,"first day, client meeting, big presentation",biz formal,https://www.jcrew.com/womens_category/blazers/blazers/PRDOVR~C9131/C9131.jsp?color_name=dark-lake,,,,,,,,,,
58,J. Crew,REGENT BLAZER,JC18.jpg,JC19.jpg,198,blazer,"first day, client meeting, big presentation",biz formal,https://www.jcrew.com/womens_category/blazers/blazers/PRDOVR~B0323/B0323.jsp?color_name=warm-camel,,,,,,,,,,
59,J. Crew,BELL-SLEEVE CREPE DRESS,JC20.jpg,JC21.jpg,99.99,dress,"client meeting, day to day, big presentation",biz casual,https://www.jcrew.com/womens_category/suiting/dresses/PRDOVR~E7848/E7848.jsp?color_name=shell-pink,,,,,,,,,,
60,J. Crew,MARTIE PANT IN BI-STRETCH COTTON,JC22.jpg,JC23.jpg,89.5,pant,"casual friday, day to day","biz casual, smart casual",https://www.jcrew.com/womens_category/pants/Skinny/PRDOVR~B8521/B8521.jsp,,,,,,,,,,
61,J. Crew,RYDER PANT,JC24.jpg,JC25.jpg,89.5,pant,"casual friday, day to day","biz casual, smart casual",https://www.jcrew.com/womens_category/pants/Skinny/PRDOVR~B7854/B7854.jsp,,,,,,,,,,
62,J. Crew,CAMPBELL TROUSER IN BI-STRETCH COTTON,JC26.jpg,JC27.jpg,98,"pant, suit","interview, first day, client meeting, big presentation","biz casual, biz formal",https://www.jcrew.com/womens_category/pants/Straight/PRDOVR~C5525/C5525.jsp,,,,,,,,,,
63,J. Crew,CAMPBELL BALZER IN BI-STRETCH COTTON,JC28.jpg,JC29.jpg,178,"blazer, suit","interview, first day, client meeting, big presentation",biz formal,https://www.jcrew.com/womens_category/suiting/stretchcotton/PRDOVR~E4777/E4777.jsp,,,,,,,,,,
64,J. Crew,CAMPBELL BLAZER IN PINSTRIPE SUPER 120S WOOL,JC30.jpg,JC31.jpg,248,"blazer, suit","interview, first day, client meeting, big presentation",biz formal,https://www.jcrew.com/womens_category/suiting/super120spinstripe/PRDOVR~B9693/B9693.jsp,,,,,,,,,,
65,J. Crew,CAMPBELL TROUSER IN PINSTRIPE SUPER 120S WOOL,JC32.jpg,JC33.jpg,148,"pant, suit","interview, first day, client meeting, big presentation","biz casual, biz formal",https://www.jcrew.com/womens_category/pants/Straight/PRDOVR~C9275/C9275.jsp,,,,,,,,,,
66,J. Crew,COLLARLESS BLAZER IN ITALIAN STRETCH WOOL,JC34.jpg,JC35.jpg,288,"blazer, suit","interview, first day, client meeting, big presentation",biz formal,https://www.jcrew.com/womens_category/suiting/bistretchwool/PRDOVR~E4776/E4776.jsp,,,,,,,,,,
67,J. Crew,PENCIL SKIRT IN ITALIAN STRETCH WOOL,JC36.jpg,JC37.jpg,148,"skirt, suit","interview, first day, client meeting, big presentation","biz casual, biz formal",https://www.jcrew.com/womens_category/skirts/suitingskirts/PRDOVR~95905/95905.jsp,,,,,,,,,,
68,J. Crew,PRESTON PANT IN ITALIAN STRETCH WOOL,JC38.jpg,JC39.jpg,198,"pant, suit","interview, first day, client meeting, big presentation","biz casual, biz formal",https://www.jcrew.com/womens_category/pants/Straight/PRDOVR~C9293/C9293.jsp,,,,,,,,,,
69,J. Crew,PALEY PANT IN ITALIAN STRETCH WOOL,JC40.jpg,JC41.jpg,158,"pant, suit","interview, first day, client meeting, big presentation","biz casual, biz formal",https://www.jcrew.com/womens_category/pants/Slim/PRDOVR~79900/79900.jsp,,,,,,,,,,
70,J. Crew,MIDI SWEATER-SKIRT,JC42.jpg,JC43.jpg,148,skirt,"day to day, happy hour",biz casual,https://www.jcrew.com/womens_category/skirts/alinemidi/PRDOVR~E4349/E4349.jsp,,,,,,,,,,
71,J. Crew,DIRECTOR PENCIL SKIRT IN SUPER 120S WOOL,JC44.jpg,JC45.jpg,138,skirt,"day to day, happy hour, client meeting",biz casual,https://www.jcrew.com/womens_category/skirts/suitingskirts/PRDOVR~C9101/C9101.jsp,,,,,,,,,,
72,J. Crew,NO. 2 PENCIL SKIRT IN BI-STRETCH COTTON,JC46.jpg,JC47.jpg,79.5,skirt,"day to day, happy hour",biz casual,https://www.jcrew.com/womens_category/skirts/pencil/PRDOVR~E8883/E8883.jsp,,,,,,,,,,
73,J. Crew,DROP-WAIST PLEATED SKIRT IN SUPER 120S WOOL,JC48.jpg,JC49.jpg,129.99,skirt,"day to day, happy hour, client meeting",biz casual,https://www.jcrew.com/womens_category/skirts/alinemidi/PRDOVR~B8175/B8175.jsp,,,,,,,,,,
74,J. Crew,THREE-QUARTER-SLEEVE STRETCH PERFECT SHIRT,JC50.jpg,JC51.jpg,64,blouse,"day to day, casual friday","biz casual, smart casual",https://www.jcrew.com/womens_category/shirtsandtops/classicshirts/PRDOVR~29865/29865.jsp,,,,,,,,,,
75,J. Crew,STRETCH PERFECT SHIRT,JC52.jpg,JC53.jpg,69.5,blouse,"day to day, casual friday","biz casual, smart casual",https://www.jcrew.com/womens_category/shirtsandtops/classicshirts/PRDOVR~29866/29866.jsp,,,,,,,,,,
76,J. Crew,SHORT-SLEEVE POPOVER SHIRT,JC54.jpg,JC55.jpg,78,top,"day to day, casual friday","smart casual, biz casual, tech casual",https://www.jcrew.com/womens_category/shirtsandtops/topsblouses/PRDOVR~C5096/C5096.jsp,,,,,,,,,,
80,Ann Taylor,belted dot dress,AT04.jpg,AT55.jpg,149,dress,"happy hour, day to day, casual Friday","biz casual, smart casual",http://www.anntaylor.com/belted-dot-dress/398500?skuId=20579630&defaultColor=9192&colorExplode=false&catid=cata000012,,,,,,,,,,
81,Ann Taylor,satin collar wrap dress,AT06.jpg,AT07.jpg,99.88,dress,"client meeting, day to day, big presentation","biz casual, biz formal",http://www.anntaylor.com/satin-collar-wrap-dress/395793?skuId=20367916&defaultColor=1246&colorExplode=false&catid=cata000012,,,,,,,,,,
82,Ann Taylor,short sleeve sweater dress,AT08.jpg,AT09.jpg,109.99,dress,"client meeting, day to day, big presentation","biz casual, biz formal",http://www.anntaylor.com/short-sleeve-sweater-dress/387119?skuId=20366674&defaultColor=1246&colorExplode=false&catid=cata000012,,,,,,,,,,
83,Ann Taylor,shadow floral pencil skirt,AT10.jpg,AT05.jpg,84.99,skirt,"day to day, happy hour",biz casual,http://www.anntaylor.com/shadow-floral-pencil-skirt/387860?skuId=20137663&defaultColor=5458&colorExplode=false&catid=cata000016,,,,,,,,,,
84,Banana Republic,v-neck fit-and-flare dress,BR01.jpg,BR35.jpg,98,dress,"client meeting, day to day, big presentation","biz casual, biz formal",http://bananarepublic.gap.com/browse/product.do?cid=1005911&vid=1&pid=183846012,,,,,,,,,,
85,Banana Republic,metallic midi shirtdress,BR39.jpg,BR40.jpg,158,dress,"happy hour, day to day, casual friday","smart casual, biz casual",http://bananarepublic.gap.com/browse/product.do?cid=1034259&vid=1&pid=183932002,,,,,,,,,,
86,Banana Republic,print jacquard fit-and-flare dress,BR03.jpg,BR02.jpg,158,dress,"happy hour, day to day","smart casual, biz casual",http://bananarepublic.gap.com/browse/product.do?cid=1005911&vid=1&pid=183923002,,,,,,,,,,
87,Banana Republic,short-sleeve flounce dress,BR04.jpg,BR36.jpg,138,dress,"client meeting, day to day, big presentation",biz casual,http://bananarepublic.gap.com/browse/product.do?cid=1005911&vid=1&pid=183828012,,,,,,,,,,
88,Banana Republic,foulard flounce dress,BR05.jpg,BR37.jpg,108,dress,casual friday,smart casual,http://bananarepublic.gap.com/browse/product.do?cid=1005911&vid=1&pid=183929002,,,,,,,,,,
89,Banana Republic,v-neck lace dress,BR06.jpg,BR38.jpg,138,dress,"client meeting, day to day, big presentation",biz casual,http://bananarepublic.gap.com/browse/product.do?cid=1034259&vid=1&pid=175423002,,,,,,,,,,
90,Banana Republic,midi shirtdress,BR07.jpg,BR41.jpg,168,dress,"happy hour, day to day, casual friday","smart casual, biz casual",http://bananarepublic.gap.com/browse/product.do?cid=1034259&vid=1&pid=183925002,,,,,,,,,,
91,Banana Republic,belted layer dress,BR08.jpg,BR42.jpg,129.99,dress,"happy hour, day to day, casual friday","smart casual, biz casual",http://bananarepublic.gap.com/browse/product.do?cid=1005911&vid=1&pid=174692002,,,,,,,,,,
93,Banana Republic,Heritage Studded Flutter Top,BR10.jpg,BR44.jpg,98,top,"day to day, big presentation",biz casual,http://bananarepublic.gap.com/browse/product.do?cid=67593&vid=1&pid=186457002,,,,,,,,,,
94,Banana Republic,Ryan-Fit Gray Slim-Straight Pant,BR11.jpg,BR45.jpg,88,pant,"day to day, happy hour",biz casual,http://bananarepublic.gap.com/browse/product.do?cid=1050784&vid=1&pid=167182002,,,,,,,,,,
95,Banana Republic,Flutter-Sleeve Top,BR12.jpg,BR46.jpg,27.5,top,casual friday,"smart casual, tech casual",http://bananarepublic.gap.com/browse/product.do?cid=67593&vid=1&pid=174716052,,,,,,,,,,
96,J. Crew,long-sleeve multicolored tweed dress with fringe,JC01.jpg,JC56.jpg,99.99,dress,"client meeting, day to day, big presentation",biz casual,https://www.jcrew.com/womens_category/dresses/weartowork/PRDOVR~E7633/E7633.jsp,,,,,,,,,,
97,J. Crew,long-sleeve tweed dress with fringe,JC02.jpg,JC57.jpg,99.99,dress,"client meeting, day to day, big presentation",biz casual,https://www.jcrew.com/womens_category/dresses/weartowork/PRDOVR~E7951/E7951.jsp,,,,,,,,,,5
98,J. Crew,9am dress in super 120s wool,JC03.jpg,JC58.jpg,228,"dress, suit","client meeting, day to day, big presentation","biz casual, biz formal",https://www.jcrew.com/womens_category/dresses/weartowork/PRDOVR~E7282/E7282.jsp?color_name=light-hthr-grey,,,,,,,,,,
99,J. Crew,sleeveless sheath dress with eyelet trim,JC04.jpg,JC59.jpg,139.99,dress,"client meeting, day to day, big presentation",biz casual,https://www.jcrew.com/womens_category/dresses/weartowork/PRDOVR~E7938/E7938.jsp?color_name=navy,,,,,,,,,,
100,J. Crew,cap-sleeve dress in super 120s wool,JC05.jpg,JC60.jpg,159.99,dress,"client meeting, day to day, big presentation","biz casual, biz formal",https://www.jcrew.com/womens_category/suiting/dresses/PRDOVR~E4684/E4684.jsp,,,,,,,,,,
101,J. Crew,herringbone sheath dress,JC06.jpg,JC61.jpg,129.99,dress,"client meeting, day to day, big presentation","biz casual, biz formal",https://www.jcrew.com/womens_category/dresses/weartowork/PRDOVR~E6067/E6067.jsp,,,,,,,,,,
102,J. Crew,sheath dress with faux leather,JC07.jpg,JC62.jpg,119.99,dress,"client meeting, day to day, big presentation",biz casual,https://www.jcrew.com/womens_category/dresses/weartowork/PRDOVR~E4345/E4345.jsp?color_name=vintage-champagne,,,,,,,,,,
103,J. Crew,clip-dot cotton jackie cardigan,JC08.jpg,JC65.jpg,69.99,sweater,"happy hour, day to day, casual friday","smart casual, biz casual",https://www.jcrew.com/womens_feature/NewArrivals/sweaters/PRDOVR~E8689/E8689.jsp,,,,,,,,,,
104,J. Crew,sheath dress in italian stretch wool,JC09.jpg,JC63.jpg,188,"dress, suit","client meeting, day to day, big presentation","biz casual, biz formal",https://www.jcrew.com/womens_category/dresses/weartowork/PRDOVR~C9102/C9102.jsp?color_name=hthr-dusk,,,,,,,,,,
105,J. Crew,SHORT-SLEEVE DRESS IN MULTI-TWEED,JC10.jpg,JC82.jpg,188,dress,"client meeting, day to day, big presentation, first day","biz casual, biz formal",https://www.jcrew.com/womens_category/dresses/weartowork/PRDOVR~E8662/E8662.jsp,,,,,,,,,,
106,J. Crew,double-faced wool crepe dress,JC11.jpg,JC64.jpg,159.99,dress,"client meeting, day to day, big presentation","biz casual, biz formal",https://www.jcrew.com/womens_category/dresses/weartowork/PRDOVR~C1063/C1063.jsp?color_name=black,,,,,,,,,,
107,Ann Taylor,stripe sweater pencil skirt,AT57.jpg,AT58.jpg,98,skirt,"happy hour, day to day","smart casual, biz casual",http://www.anntaylor.com/stripe-sweater-pencil-skirt/386557?skuId=20340483&defaultColor=1246&colorExplode=false&catid=cata000016,,,,,,,,,,
108,Ann Taylor,cropped top,AT59.jpg,AT60.jpg,69.99,top,"happy hour, day to day","smart casual, biz casual",http://www.anntaylor.com/cropped-top/387101?skuId=20412449&defaultColor=9000&colorExplode=false&catid=cata000011,,,,,,,,,,
109,Ann Taylor,long sleeve shirtdress,AT61.jpg,AT62.jpg,99.99,dress,"happy hour, casual friday","smart casual, biz casual",http://www.anntaylor.com/long-sleeve-shirtdress/387577?skuId=20367879&defaultColor=5720&colorExplode=false&catid=cata000012,,,,,,,,,,
110,Ann Taylor,lace swing skirt,AT63.jpg,AT64.jpg,119.99,skirt,"happy hour, day to day","smart casual, biz casual",http://www.anntaylor.com/lace-swing-skirt/387559?skuId=20287849&defaultColor=1246&colorExplode=false&catid=cata000016,,,,,,,,,,
111,Ann Taylor,double dot long sleeve shirtdress,AT65.jpg,AT66.jpg,139,dress,"happy hour, casual friday","smart casual, biz casual",http://www.anntaylor.com/double-dot-long-sleeve-shirtdress/397015?skuId=20368067&defaultColor=1246&colorExplode=false&catid=cata000012,,,,,,,,,,
112,Ann Taylor,Crepe midi dress,AT67.jpg,AT68.jpg,129.99,dress,"client meeting, day to day, big presentation","biz casual, biz formal",http://www.anntaylor.com/crepe-midi-dress/387355?skuId=20367756&defaultColor=1246&colorExplode=false&catid=cata000012,,,,,,,,,,
113,Banana Republic,linen pocket crew tee,BR47.jpg,BR48.jpg,26.5,top,casual friday,"smart casual, tech casual",http://bananarepublic.gap.com/browse/product.do?cid=67593&vid=1&pid=183955032,,,,,,,,,,
114,Banana Republic,rib-trim v-neck tee,BR49.jpg,BR50.jpg,59.5,top,casual friday,"smart casual, tech casual",http://bananarepublic.gap.com/browse/product.do?cid=67593&vid=1&pid=183975002,,,,,,,,,,
117,Lululemon,&Go City Trek Trouser,LL01.jpg,LL02.jpg,148,pant,day to day,tech casual,http://shop.lululemon.com/products/clothes-accessories/athletic-pants/City-Trek-Trouser?cc=8903&skuId=3641473&catId=athletic-pants,,,,,,,,,,
118,Lululemon,Studio Pant III,LL03.jpg,LL04.jpg,118,pant,day to day,tech casual,http://shop.lululemon.com/products/clothes-accessories/athletic-pants/Dance-Studio-Pant-III-R?cc=9354&skuId=3657378&catId=athletic-pants,,,,,,,,,,
119,Lululemon,STREET TO STUDIO PANT II,LL05.jpg,LL06.jpg,98,pant,day to day,tech casual,http://shop.lululemon.com/products/clothes-accessories/athletic-pants/Street-To-Studio-Pant-II-UL?cc=23188&skuId=3657018&catId=athletic-pants,,,,,,,,,,
120,Lululemon,Picnic play dress,LL07.jpg,LL08.jpg,118,dress,day to day,tech casual,http://shop.lululemon.com/products/clothes-accessories/skirts-and-dresses-dresses/Picnic-Play-Dress?cc=19342&skuId=3618179&catId=skirts-and-dresses-dresses,,,,,,,,,,
121,Lululemon,what the sport tee,LL09.jpg,LL10.jpg,58,top,day to day,tech casual,http://shop.lululemon.com/products/clothes-accessories/tops-short-sleeve/What-The-Sport-Tee?cc=20538&skuId=3662475&catId=tops-short-sleeve,,,,,,,,,,
122,Lululemon,Swiftly tech long sleeve crew,LL11.jpg,LL12.jpg,68,top,day to day,tech casual,http://shop.lululemon.com/products/clothes-accessories/tops-long-sleeve/Run-Swiftly-Long-Sleeve-Crew?cc=23403&skuId=3662419&catId=tops-long-sleeve,,,,,,,,,,
123,Lululemon,let be long sleeve tee,LL13.jpg,LL14.jpg,68,top,day to day,tech casual,http://shop.lululemon.com/products/clothes-accessories/to-and-from-tops/Let-Be-LS-Tee?cc=0001,,,,,,,,,,
124,Lululemon,Define jacket,LL15.jpg,LL16.jpg,118,jacket,day to day,tech casual,http://shop.lululemon.com/products/clothes-accessories/jackets-and-hoodies-jackets/Define-Jacket?cc=22921&skuId=3646276&catId=jackets-and-hoodies-jackets,,,,,,,,,,
125,Lululemon,Swifty tech short sleeve crew,LL17.jpg,LL18.jpg,58,top,day to day,tech casual,http://shop.lululemon.com/products/clothes-accessories/tops-short-sleeve/Run-Swiftly-Tech-Short-Sleeve-Crew?cc=16957&skuId=3586446&catId=ustopsshortsleeve,,,,,,,,,,
126,Lululemon,Rain on jacket,LL19.jpg,LL20.jpg,198,coat,day to day,tech casual,http://shop.lululemon.com/products/clothes-accessories/jackets-and-hoodies-jackets/Rain-On-Jacket?cc=7525&skuId=3586326&catId=jackets-and-hoodies-jackets,,,,,,,,,,
127,Lululemon,PLEAT TO STREET HOODIE,LL21.jpg,LL22.jpg,128,jacket,day to day,tech casual,http://shop.lululemon.com/products/clothes-accessories/jackets-and-hoodies-hoodies/Pleat-To-Street-Hoodie?cc=13211&skuId=3639229&catId=jackets-and-hoodies-hoodies,,,,,,,,,,
128,Athleta,metro high waisted legging,A01.jpg,A02.jpg,79,pant,day to day,tech casual,http://athleta.gap.com/browse/product.do?cid=1033641&vid=1&pid=138443012,,,,,,,,,,
129,Athleta,Palisade ankle pant,A03.jpg,A04.jpg,79,pant,day to day,tech casual,http://athleta.gap.com/browse/product.do?cid=46800&vid=1&pid=215248012,,,,,,,,,,
130,Athleta,TREKKIE JOGGER,A05.jpg,A06.jpg,89,pant,day to day,tech casual,http://athleta.gap.com/browse/product.do?cid=46800&vid=1&pid=438906062,,,,,,,,,,
131,Athleta,ASPIRE ANKLE PANT,A07.jpg,A08.jpg,54.99,pant,day to day,tech casual,http://athleta.gap.com/browse/product.do?pid=983350,,,,,,,,,,
132,Athleta,Criss cross sweatshirt,A09.jpg,A10.jpg,69,sweater,day to day,tech casual,http://athleta.gap.com/browse/product.do?cid=1005761&vid=1&pid=489051022,,,,,,,,,,
133,Athleta,blissful sharkbite,A11.jpg,A12.jpg,62.99,sweater,day to day,tech casual,http://athleta.gap.com/browse/product.do?cid=1005761&vid=1&pid=152414012,,,,,,,,,,
134,Athleta,studio split neck hoodie,A13.jpg,A14.jpg,63.99,top,day to day,tech casual,http://athleta.gap.com/browse/product.do?cid=1005761&vid=1&pid=446175032,,,,,,,,,,
135,Athleta,Palisade pant,A15.jpg,A16.jpg,89,pant,day to day,tech casual,http://athleta.gap.com/browse/product.do?cid=46800&vid=1&pid=215758012,,,,,,,,,,
136,Athleta,renew top,A17.jpg,A18.jpg,64,top,day to day,tech casual,http://athleta.gap.com/browse/product.do?cid=1032083&vid=1&pid=153267022,,,,,,,,,,
137,Athleta,ESSENCE MOONBEAM TOP,A19.jpg,A20.jpg,69,top,day to day,tech casual,http://athleta.gap.com/browse/product.do?cid=1032083&vid=1&pid=214255002,,,,,,,,,,
138,Athleta,NEWPORT HENLEY TUNIC,A21.jpg,A22.jpg,69,top,day to day,tech casual,http://athleta.gap.com/browse/product.do?cid=1032083&vid=1&pid=438658072,,,,,,,,,,
139,Athleta,DRIPPITY JACKET,A23.jpg,A24.jpg,128,jacket,day to day,tech casual,http://athleta.gap.com/browse/product.do?cid=1009206&vid=1&pid=138963082,,,,,,,,,,
140,Athleta,PURE TEE,A25.jpg,A26.jpg,54,top,day to day,tech casual,http://athleta.gap.com/browse/product.do?cid=1032082&vid=1&pid=438728152,,,,,,,,,,
141,Athleta,BLISSFUL CYA JACKET,A27.jpg,A28.jpg,128,jacket,day to day,tech casual,http://athleta.gap.com/browse/product.do?cid=1009206&vid=1&pid=203950012,,,,,,,,,,
142,Athleta,MILITARY JACKET 2,A29.jpg,A30.jpg,128,jacket,day to day,tech casual,http://athleta.gap.com/browse/product.do?cid=1009206&vid=1&pid=165288002,,,,,,,,,,
143,Athleta,CANDID SHIRT DRESS,A31.jpg,A32.jpg,108,dress,day to day,tech casual,http://athleta.gap.com/browse/product.do?cid=1017327&vid=1&pid=215134002,,,,,,,,,,
144,Athleta,pura vida midi skirt,A33.jpg,A34.jpg,54,skirt,day to day,tech casual,http://athleta.gap.com/browse/product.do?cid=91989&vid=1&pid=489419022,,,,,,,,,,
145,Athleta,RIBBON STRIPES SKIRT,A35.jpg,A36.jpg,59,skirt,day to day,tech casual,http://athleta.gap.com/browse/product.do?cid=91989&vid=1&pid=439481002,,,,,,,,,,
146,Uniqlo,women leggings pants,U01.jpg,U02.jpg,29.9,pant,day to day,tech casual,http://www.uniqlo.com/us/product/women-leggings-pants-163839.html#03~/women/pants-and-leggings/leggings-pants/classic/~,,,,,,,,,,
147,Uniqlo,women leggings pants,U03.jpg,U02.jpg,29.9,pant,day to day,tech casual,http://www.uniqlo.com/us/product/women-leggings-pants-163839.html#57,,,,,,,,,,
148,Uniqlo,women supima cotton v-neck long sleeve t-shirt,U04.jpg,U05.jpg,14.9,top,day to day,tech casual,http://www.uniqlo.com/us/product/women-supima-cotton-v-neck-long-sleeve-t-shirt-163137.html#11~/women/knits-and-tees/long-sleeve/supima-cotton/~,,,,,,,,,,
149,Uniqlo,women supima cotton henley long sleeve t-shirt,U06.jpg,U07.jpg,14.9,top,day to day,tech casual,http://www.uniqlo.com/us/product/women-supima-cotton-henley-long-sleeve-t-shirt-169062.html#00~/women/knits-and-tees/long-sleeve/supima-cotton/~,,,,,,,,,,
150,Uniqlo,women supima cotton CREWNECK 3/4 SLEEVE T-SHIRT,U08.jpg,U09.jpg,14.9,top,day to day,tech casual,http://www.uniqlo.com/us/product/women-supima-cotton-striped-crewneck-3-4-sleeve-t-shirt-163146.html#62,,,,,,,,,,
151,J. Crew,interview dress,JC66.jpg,JC67.jpg,138,"dress, suit","interview, first day, client meeting, big presentation",biz formal,https://www.jcrew.com/womens_category/suiting/dresses/PRDOVR~E8757/E8757.jsp?color_name=navy,,,,,,,,,,
152,Ann Taylor,Ruched long sleeve top,AT71.jpg,AT72.jpg,49.99,top,day to day,"tech casual, smart casual",http://www.anntaylor.com/ruched-long-sleeve-top/396885?skuId=20347284&amp;defaultColor=6465&amp;prodId=396885,,,,,,,,,,
153,Ann Taylor,ALL-SEASON STRETCH ONE BUTTON JACKET,AT73.jpg,AT74.jpg,169,"blazer, suit","interview, first day, client meeting, big presentation",biz formal,http://www.anntaylor.com/all-season-stretch-one-button-jacket/394367?skuId=20310103&defaultColor=6600&colorExplode=false&catid=cata000013,,,,,,,,,,
154,Ann Taylor,shrunken mock neck sweater,AT75.jpg,AT76.jpg,79.5,sweater,day to day,"tech casual, smart casual, biz casual",http://www.anntaylor.com/shrunken-mock-neck-sweater/395826?skuId=20228880&amp;defaultColor=9000&amp;prodId=395826,,,,,,,,,,
155,Banana Republic,CREW SHEATH,BR51.jpg,BR52.jpg,98,dress,"interview, first day, client meeting, big presentation",biz formal,http://bananarepublic.gap.com/browse/product.do?vid=3&pid=181125012,,,,,,,,,,
156,Banana Republic,RUGBY STRIPE PONTE SHEATH,BR54.jpg,BR53.jpg,138,dress,"happy hour, day to day, casual friday","smart casual, biz casual",http://bananarepublic.gap.com/browse/product.do?vid=1&pid=183978002,,,,,,,,,,
157,Zara,Chinos,Z25.jpg,Z26.jpg,49.9,pant,"happy hour, day to day, casual friday","tech casual, smart casual",http://www.zara.com/us/en/woman/trousers/smart/chinos-c401020p3233124.html,,,,,,,,,,
158,Zara,TOP WITH LACE SLEEVES,Z27.jpg,Z28.jpg,69.9,top,"happy hour, day to day, casual friday","tech casual, smart casual",http://www.zara.com/us/en/woman/tops/view-all/top-with-lace-sleeves-c719021p3233097.html,,,,,,,,,,
159,Zara,contrast lace blouse,Z29.jpg,Z30.jpg,39.9,top,"happy hour, day to day, casual friday","tech casual, smart casual",http://www.zara.com/us/en/woman/tops/view-all/contrast-lace-blouse-c719021p3211068.html,,,,,,,,,,
160,Zara,MID-RISE TROUSERS WITH BELT,Z31.jpg,Z32.jpg,39.9,pant,"happy hour, day to day, casual friday","tech casual, smart casual",http://www.zara.com/us/en/woman/trousers/view-all/mid-rise-trousers-with-belt-c719022p3186279.html,,,,,,,,,,
161,Club Monaco,Elasaid Denim Skirt,CM01.jpg,CM02.jpg,229,skirt,"happy hour, day to day, casual friday","tech casual, smart casual",http://www.clubmonaco.com/product/index.jsp?productId=81194476,,,,,,,,,,
162,Club Monaco,Alvina Lace Jacket,CM03.jpg,CM04.jpg,269,jacket,"happy hour, day to day, casual friday","smart casual, biz casual",http://www.clubmonaco.com/product/index.jsp?productId=81979576,,,,,,,,,,
163,Club Monaco,gerlanda ribbed sweater skirt,CM05.jpg,CM06.jpg,159.5,skirt,"happy hour, day to day, casual friday","smart casual, biz casual",http://www.clubmonaco.com/product/index.jsp?productId=81194496,,,,,,,,,,
164,Club Monaco,Leopoldina Skirt,CM07.jpg,CM08.jpg,159.5,skirt,"happy hour, day to day, casual friday","smart casual, biz casual",http://www.clubmonaco.com/product/index.jsp?productId=81194516,,,,,,,,,,
165,Club Monaco,Siouzanna Lace Skirt,CM09.jpg,CM10.jpg,179.5,skirt,"happy hour, day to day, casual friday, client meeting","smart casual, biz casual",http://www.clubmonaco.com/product/index.jsp?productId=81194536,,,,,,,,,,
166,Club Monaco,Telicia Stripe Merino Sweater,CM11.jpg,CM12.jpg,89.5,sweater,"happy hour, day to day, casual friday, client meeting","smart casual, biz casual",http://www.clubmonaco.com/product/index.jsp?productId=84561856,,,,,,,,,,
167,Club Monaco,Telicia lace collar sweater,CM13.jpg,CM14.jpg,119.5,sweater,"happy hour, day to day, casual friday, client meeting","smart casual, biz casual",http://www.clubmonaco.com/product/index.jsp?productId=84561846,,,,,,,,,,
168,Club Monaco,Trisa Button Sweater,CM15.jpg,CM16.jpg,149.5,sweater,"happy hour, day to day, casual friday, client meeting","smart casual, biz casual",http://www.clubmonaco.com/product/index.jsp?productId=70168386,,,,,,,,,,
169,Club Monaco,Gheraldina Cotton Skirt,CM17.jpg,CM18.jpg,169.5,skirt,"happy hour, day to day, casual friday, client meeting","smart casual, biz casual",http://www.clubmonaco.com/product/index.jsp?productId=81194506,,,,,,,,,,
170,Club Monaco,Crissi Knit-Panel Dress,CM19.jpg,CM20.jpg,199,"dress, suit","interview, first day, client meeting, big presentation",biz formal,http://www.clubmonaco.com/product/index.jsp?productId=81979886,,,,,,,,,,
171,Club Monaco,Alligra textured sweater,CM21.jpg,CM22.jpg,139.5,sweater,"happy hour, day to day, casual friday, client meeting","smart casual, biz casual",http://www.clubmonaco.com/product/index.jsp?productId=84561256,,,,,,,,,,
172,Club Monaco,Milancey Cut-Out Dress,CM23.jpg,CM24.jpg,198.5,dress,"happy hour, day to day, casual friday, client meeting","smart casual, biz casual",http://www.clubmonaco.com/product/index.jsp?productId=63356626,,,,,,,,,,
173,Club Monaco,Keelan Blazer,CM25.jpg,CM26.jpg,298,blazer,"interview, first day, client meeting, big presentation","biz formal, biz casual",http://www.clubmonaco.com/product/index.jsp?productId=81979666,,,,,,,,,,
174,Club Monaco,Dyann demin blazer,CM27.jpg,CM28.jpg,289,blazer,"happy hour, day to day, casual friday, client meeting","Biz casual, smart casual",http://www.clubmonaco.com/product/index.jsp?productId=81979646,,,,,,,,,,
175,Club Monaco,Navonne Quilted Jacket,CM29.jpg,CM30.jpg,179.5,jacket,"happy hour, day to day, casual friday, client meeting","Biz casual, smart casual",http://www.clubmonaco.com/product/index.jsp?productId=82482276,,,,,,,,,,
176,Club Monaco,Mair Blazer,CM31.jpg,CM32.jpg,279,blazer,"interview, first day, client meeting, big presentation","biz formal, biz casual",http://www.clubmonaco.com/product/index.jsp?productId=81979766,,,,,,,,,,
177,Club Monaco,MCQUIRE NEWTON SKINNY,CM33.jpg,CM34.jpg,185,pant,"happy hour, day to day, casual friday","smart casual, tech casual",http://www.clubmonaco.com/product/index.jsp?productId=70169536&prodFindSrc=prodCrossSell&refProd=81979666,,,,,,,,,,
178,Club Monaco,MOTHER HIGH-WAISTED LOOKER,CM35.jpg,CM36.jpg,205,pant,"happy hour, day to day, casual friday","smart casual, tech casual",http://www.clubmonaco.com/product/index.jsp?productId=85866786,,,,,,,,,,
179,Club Monaco,Sensee pant,CM37.jpg,CM38.jpg,179.5,pant,"happy hour, day to day, casual friday","smart casual, biz casual",http://www.clubmonaco.com/product/index.jsp?productId=82031646,,,,,,,,,,
180,Club Monaco,SONICA JEAN,CM39.jpg,CM40.jpg,149.5,pant,"happy hour, day to day, casual friday","smart casual, tech casual",http://www.clubmonaco.com/product/index.jsp?productId=70169446,,,,,,,,,,
181,Club Monaco,MARTUSKA SOFT TRENCH,CM41.jpg,CM42.jpg,298,coat,"interview, first day, client meeting, big presentation","biz formal, biz casual",http://www.clubmonaco.com/product/index.jsp?productId=81979776,,,,,,,,,,
182,Club Monaco,Sorina lace top,CM43.jpg,CM44.jpg,179.5,top,"happy hour, day to day, casual friday","smart casual, biz casual",http://www.clubmonaco.com/product/index.jsp?productId=81775666,,,,,,,,,,
183,Club Monaco,Keavy Tiered-lace top,CM45.jpg,CM46.jpg,229,top,"happy hour, day to day, casual friday","smart casual, biz casual",http://www.clubmonaco.com/product/index.jsp?productId=81775506,,,,,,,,,,
184,Club Monaco,DUREI DOUBLE-FACE SHIRT,CM47.jpg,CM48.jpg,159.5,blouse,"happy hour, day to day, casual friday","smart casual, tech casual",http://www.clubmonaco.com/product/index.jsp?productId=81775396,,,,,,,,,,
185,Tahari,Seamed A-Line Dress,TA01.jpg,TA02.jpg,128,dress,"interview, first day, client meeting, big presentation","biz formal, biz casual",http://shop.nordstrom.com/s/tahari-seamed-a-line-dress-regular-petite/3501047?origin=keywordsearch,,,,,,,,,,
186,Tahari,Bi-stretch sheath dress,TA03.jpg,TA04.jpg,128,"dress, suit","interview, first day, client meeting, big presentation",biz formal,http://shop.nordstrom.com/s/taharibi-stretch-sheath-dress/4104576?origin=keywordsearch,,,,,,,,,,
187,Tahari,stripe mixed media fit & flare dress,TA05.jpg,TA05.jpg,148,dress,"happy hour, day to day, casual friday","smart casual, biz casual",http://shop.nordstrom.com/s/ss-bonded-lace-fit-and-flare/4265480?origin=keywordsearch,,,,,,,,,,
188,Tahari,front zip stretch sheath dress,TA06.jpg,TA06.jpg,128,dress,"happy hour, day to day, casual friday","smart casual, biz casual",http://www.dillards.com/p/Tahari-ASL-BiStretch-ZipFront-Sheath-Dress/505802943?cm_mmc=GooglePLAs-_-Tahari-ASL-_-Dresses-_-Tahari-ASL-BiStretch-ZipFront-Sheath-Dress&googleShop=Y&utm_source=google&utm_medium=pla&utm_campaign=Tahari-ASL&gclid=CjwKEAjw_oK4BRDym-SDq-aczicSJAC7UVRtwmxTH0uNdIS_9wM7ghPM9uC_XQ299TCvZ_FAAqLP1xoCsijw_wcB,,,,,,,,,,
189,Tahari,PRINT JACQUARD SHEATH DRESS,TA07.jpg,TA07.jpg,128,dress,"happy hour, day to day, casual friday","smart casual, biz casual",http://shop.nordstrom.com/s/tahari-print-jacquard-sheath-dress/4265471?origin=keywordsearch,,,,,,,,,,
190,J. Crew,PETITE POLKA-DOT TIPPI SWEATER WITH SHOULDER BUTTONS,JC68.jpg,JC69.jpg,98,sweater,"happy hour, day to day, casual friday","smart casual, biz casual",https://www.jcrew.com/womens_special_sizes/petite/sweaters/PRDOVR~F1176/F1176.jsp,,,,,,,,,,
191,J. Crew,DENIM SHIRTDRESS,JC70.jpg,JC71.jpg,138,dress,"happy hour, day to day, casual friday","smart casual, tech casual",https://www.jcrew.com/womens_category/dresses/day/PRDOVR~E7781/E7781.jsp,,,,,,,,,,
193,Banana Republic,Seamed Lapel Long Blazer,BR55.jpg,BR56.jpg,168,blazer,"first day, big presentation, client meeting, day to day","biz casual, biz formal",http://bananarepublic.gap.com/browse/product.do?cid=87056&vid=1&pid=185295002,,,,,,,,,,
194,Club Monaco,Murgatroyd Sweater Dress,CM49.jpg,CM50.jpg,269,dress,"first day, day to day, happy hour, client meeting","biz casual, biz formal",http://www.clubmonaco.com/product/index.jsp?productId=84561666,,,,,,,,,,
195,Ann Taylor,Crepe Shell,AT79.jpg,AT80.jpg,59.5,top,"happy hour, day to day, casual Friday, interview, client meeting","smart casual, biz casual, biz formal",http://www.anntaylor.com/crepe-shell/397878?skuId=20282561&defaultColor=9192&colorExplode=false&catid=cata000010,,,,,,,,,,
196,J. Crew,BELTED DRESS IN BLACK-AND-WHITE TWEED,JC72.jpg,JC73.jpg,168,dress,"happy hour, day to day, casual friday","smart casual, tech casual",https://www.jcrew.com/womens_category/weartoworkshop/dresses/PRDOVR~E8495/E8495.jsp?srccode=SPMGFBMKTNFDPA-US%7CE8495&noPopUp=true,,,,,,,,,,
197,Paige Denim,Transcend - Skyline Skinny Jeans,PD01.jpg,PD02.jpg,179,pant,"happy hour, day to day, casual friday","smart casual, tech casual",http://shop.nordstrom.com/s/paige-denim-transcend-skyline-skinny-jeans-mona/3703191?origin=keywordsearch-personalizedsort&contextualcategoryid=0&fashionColor=&resultback=1186,,,,,,,,,,
198,H&M,Jersey Jacket,HM01.jpg,HM02.jpg,34.99,blazer,"happy hour, day to day, casual friday","smart casual, biz casual",http://www.hm.com/us/product/36497?article=36497-B&cm_mmc=pla-_-us-_-ladies_blazers_kimonos_blazers-_-36497&gclid=CPrNjbnDossCFYEjHwodZOQHBA,,,,,,,,,,
199,Zara,Body Curve five pocket jeggings,Z33.jpg,Z34.jpg,35.9,pant,casual Friday,"smart casual, tech casual",http://www.zara.com/us/en/woman/jeans/body-curve-five-pocket-jeggings-c361514p3184815.html,,,,,,,,,,
200,Zara,Body curve jeggings,Z35.jpg,Z36.jpg,35.9,pant,casual Friday,"smart casual, tech casual",http://www.zara.com/us/en/woman/jeans/body-curve-jeggings-c361514p3184888.html,,,,,,,,,,
201,BCBG,TAYLUR TRIANGLE PRINT BUTTON-UP SHIRT,BCBG19.jpg,BCBG20.jpg,268,top,"happy hour, day to day, casual friday","smart casual, tech casual",http://www.bcbg.com/en/taylur-triangle-print-button-up-shirt/ZAS1W042-E5X.html?dwvar_ZAS1W042-E5X_color=E5X,,,,,,,,,,
202,BCBG,AYLIZA ASYMMETRICAL TOP,BCBG21.jpg,BCBG22.jpg,68.6,top,"happy hour, day to day, casual friday","biz casual, smart casual, tech casual",http://www.bcbg.com/en/ayliza-asymmetrical-top/WCJ1W104-W4Z.html?dwvar_WCJ1W104-W4Z_color=W4Z,,,,,,,,,,
203,BCBG,ZANDRA FAUX-SUEDE PENCIL SKIRT,BCBG23.jpg,BCBG24.jpg,178,skirt,"happy hour, day to day, casual friday","smart casual, tech casual",http://www.bcbg.com/en/zandra-faux-suede-pencil-skirt/QVV3F983-3F7.html?dwvar_QVV3F983-3F7_color=3F7,,,,,,,,,,
204,BCBG,BRIGETTA EMBROIDERED MIDI DRESS,BCBG25.jpg,BCBG26.jpg,348,dress,"first day, client meeting, big presentation, day to day","biz formal, biz casual",http://www.bcbg.com/en/brigetta-embroidered-midi-dress/KUR63H40-019.html?dwvar_KUR63H40-019_color=019,,,,,,,,,,
205,BCBG,DONELLA WRAP-BACK COLOR-BLOCKED TOP,BCBG27.jpg,BCBG28.jpg,158,top,"happy hour, day to day, casual friday","biz casual, smart casual",http://www.bcbg.com/en/donella-wrap-back-color-blocked-top/WQR1T912-003.html?dwvar_WQR1T912-003_color=003,,,,,,,,,,
206,BCBG,EMALEA TRIANGLE PRINT DRESS,BCBG29.jpg,BCBG30.jpg,228,dress,"happy hour, day to day, casual friday","biz casual, smart casual",http://www.bcbg.com/en/emalea-triangle-print-dress/ZAI60H74-Y4O.html?dwvar_ZAI60H74-Y4O_color=Y4O,,,,,,,,,,
207,J. Crew,SCALLOPED TOP WITH GROMMETS,JC74.jpg,JC75.jpg,98,top,"happy hour, day to day, casual friday","biz casual, smart casual, tech casual",https://www.jcrew.com/womens_feature/NewArrivals/topsandblouses/PRDOVR~E8749/E8749.jsp,,,,,,,,,,
208,J. Crew,washed cotton skirt,JC76.jpg,JC77.jpg,98,skirt,"happy hour, day to day, casual friday","smart casual, tech casual",https://www.jcrew.com/womens_feature/NewArrivals/skirts/PRDOVR~E9584/E9584.jsp,,,,,,,,,,
209,J. Crew,SCALLOPED SKIRT WITH GROMMETS,JC78.jpg,JC79.jpg,110,skirt,"happy hour, day to day, casual friday","smart casual, tech casual",https://www.jcrew.com/womens_feature/NewArrivals/skirts/PRDOVR~E9225/E9225.jsp,,,,,,,,,,
210,Ann Taylor,belted pleated skirt,AT81.jpg,AT82.jpg,129,skirt,"happy hour, day to day, casual friday",biz casual,http://www.anntaylor.com/belted-pleated-skirt/388404?skuId=20442095&defaultColor=7798&colorExplode=false&catid=cata000016,,,,,,,,,,
211,Ann Taylor,ruffle sleeve pintuck tee,AT83.jpg,AT84.jpg,79.5,top,"happy hour, day to day, casual friday","biz casual, smart casual",http://www.anntaylor.com/ruffle-sleeve-pintuck-tee/397846?skuId=20546823&defaultColor=7496&colorExplode=false&catid=cata000010,,,,,,,,,,
212,Ann Taylor,SIDE BUTTON SLEEVELESS SWEATER,AT85.jpg,AT86.jpg,79.5,top,"happy hour, day to day, casual friday","smart casual, tech casual",http://www.anntaylor.com/side-button-sleeveless-sweater/388683?skuId=20586683&defaultColor=9580&colorExplode=false&catid=cata000011,,,,,,,,,,
213,Ann Taylor,SIDE BUTTON DRESS,AT87.jpg,AT88.jpg,139,dress,"happy hour, day to day, casual friday","biz casual, smart casual",http://www.anntaylor.com/side-button-dress/387746?skuId=20542665&defaultColor=7941&colorExplode=false&catid=cata000012,,,,,,,,,,
214,Ann Taylor,BELTED CAP SLEEVE DRESS,AT89.jpg,AT90.jpg,139,dress,"happy hour, day to day, casual friday","biz casual, smart casual",http://www.anntaylor.com/belted-cap-sleeve-dress/389683?skuId=20596187&defaultColor=6600&colorExplode=false&catid=cata000012,,,,,,,,,,
215,BCBG,BRENTON DOUBLE-BREASTED CAPELET,BCBG31.jpg,BCBG32.jpg,258,jacket,"client meeting, big presentation","biz formal, biz casual",http://www.bcbg.com/en/brenton-double-breasted-capelet/RND4I386-001.html?dwvar_RND4I386-001_color=001,,,,,,,,,,
216,BCBG,ANDREI SIDE POCKET LEGGING,BCBG33.jpg,BCBG34.jpg,158,pant,"happy hour, day to day, casual friday","smart casual, tech casual",http://www.bcbg.com/en/andrei-side-pocket-legging/FAC2G036-001.html?dwvar_FAC2G036-001_color=001,,,,,,,,,,
217,Banana Republic,Chambray Lightweight Wool Blazer,BR09.jpg,BR43.jpg,198,"blazer, suit","interview, first day, client meeting, big presentation, day to day","biz formal, biz casual",http://bananarepublic.gap.com/browse/product.do?cid=41699&vid=1&pid=724046002,,,,,,,,,,
218,Banana Republic,Ryan-Fit Chambray Lightweight Wool Slim-Straight Pant,BR57.jpg,BR58.jpg,98,"pant, suit","interview, first day, client meeting, big presentation, day to day","biz formal, biz casual",http://bananarepublic.gap.com/browse/product.do?cid=41699&vid=1&pid=174731002,,,,,,,,,,
219,BCBG,CYPRIEN ASYMMETRICAL HIGH-LOW TOP,BCBG35.jpg,BCBG36.jpg,88,top,"happy hour, day to day, casual friday","smart casual, biz casual",http://www.bcbg.com/en/cyprien-asymmetrical-high-low-top/UFE1W818-P2G.html?dwvar_UFE1W818-P2G_color=P2G#q=cyprien&start=1,,,,,,,,,,
220,BCBG,MASON SKINNY PANT,BCBG37.jpg,BCBG38.jpg,118,pant,"happy hour, day to day, casual friday",smart casual,http://www.bcbg.com/en/mason-skinny-pant/FAC2C027-001.html?green=30F9868A-A876-5DA7-0B96-42B23EB40E5C,,,,,,,,,,
221,Banana Republic,Seersucker Layered Dress,BR59.jpg,BR60.jpg,168,dress,"happy hour, day to day, casual friday, networking, panelist","smart casual, tech casual",http://bananarepublic.gap.com/browse/product.do?cid=1054205&vid=1&pid=184218002,,,,,,,,,,
222,Banana Republic,Scalloped Sweater Dress,BR61.jpg,BR62.jpg,128,dress,"happy hour, day to day, casual friday","smart casual, biz casual",http://bananarepublic.gap.com/browse/product.do?cid=1054205&vid=1&pid=185662012,,,,,,,,,,
223,Banana Republic,Gerber Daisy Pencil Skirt,BR63.jpg,BR64.jpg,98,skirt,"happy hour, day to day, casual friday","smart casual, biz casual",http://bananarepublic.gap.com/browse/product.do?cid=1054205&vid=1&pid=184335002,,,,,,,,,,
224,Banana Republic,Black Skinny Ankle Jean,BR65.jpg,BR66.jpg,98,pant,"happy hour, day to day, casual friday","smart casual, tech casual",http://bananarepublic.gap.com/browse/product.do?vid=1&pid=167177002,,,,,,,,,,
225,Ann Taylor,Matte Jersey flutter sleeve top,AT91.jpg,AT92.jpg,59.5,top,"happy hour, day to day, casual friday","smart casual, tech casual, biz casual",http://www.anntaylor.com/matte-jersey-flutter-sleeve-top/389707?skuId=20647629&defaultColor=5383&colorExplode=false&catid=cat70008,,,,,,,,,,
226,Ann Taylor,Chambray tie neck shirt,AT93.jpg,AT94.jpg,79.5,top,"happy hour, day to day, casual friday","smart casual, tech casual",http://www.anntaylor.com/chambray-tie-neck-shirt/398343?skuId=20578503&defaultColor=2746&colorExplode=false&catid=cata000010,,,,,,,,,,
227,Ann Taylor,tweed sheath dress,AT95.jpg,AT96.jpg,139,dress,"first day, client meeting, big presentation, day to day","biz casual, biz formal",http://www.anntaylor.com/tweed-sheath-dress/399336?skuId=20677930&defaultColor=6777&colorExplode=false&catid=cata000012,,,,,,,,,,
228,Ann Taylor,BELTED DRESS,AT97.jpg,AT98.jpg,139,dress,"first day, client meeting, big presentation, day to day, networking, panelist","biz casual, biz formal",http://www.anntaylor.com/belted-dress/398499?skuId=20677442&defaultColor=5391&colorExplode=false&catid=cata000012,,,,,,,,,,
229,Ann Taylor,Blossom flare dress,AT99.jpg,AT100.jpg,139,dress,"first day, client meeting, big presentation, day to day, networking","biz casual, biz formal",http://www.anntaylor.com/blossom-flare-dress/389681?skuId=20685195&defaultColor=9192&colorExplode=false&catid=cata000012,,,,,,,,,,
230,Antonio Melani,Playing Favorites Tiago Belted Peplum Dress,AM03.jpg,AM03.jpg,159,dress,"first day, client meeting, big presentation, day to day, networking","biz casual, biz formal",http://www.dillards.com/p/antonio-melani-playing-favorites-tiago-belted-peplum-dress/505920411?di=04647589_zi_ivory_dewberry&categoryId=410&facetCache=pageSize%3D100%26beginIndex%3D0%26orderBy%3D1,,,,,,,,,,
231,Antonio Melani,Playing Favorites Tiago Belted Peplum Crepe Dress,AM01.jpg,AM02.jpg,95.4,dress,"first day, client meeting, big presentation, day to day, networking","biz casual, biz formal",http://www.dillards.com/p/antonio-melani-playing-favorites-tiago-belted-peplum-crepe-dress/505344081?di=04508516_zi_black&categoryId=-10005&facetCache=pageSize%3D100%26beginIndex%3D0%26orderBy%3D1,,,,,,,,,,
232,Antonio Melani,Melissa Belted Dress,AM04.jpg,AM05.jpg,159,"dress, suit","first day, client meeting, big presentation, interview, panelist, networking","biz casual, biz formal",http://www.dillards.com/p/antonio-melani-melissa-belted-dress/505014336?singleProductResult=antonio+melani+melissa+belted+dress,,,,,,,,,,
233,Theory,Italian Stretch Wool Slim Pant,T01.jpg,T01.jpg,275,"pant, suit","first day, client meeting, big presentation, interview, day to day, networking, panelist","biz casual, biz formal","http://www.theory.com/SUPER-SLIM/F0001212,default,pd.html?dwvar_F0001212_color=001&cgid=womens-classics",,,,,,,,,,
234,Theory,italian stretch wool open jacket,T02.jpg,T02.jpg,395,"blazer, suit","first day, client meeting, big presentation, interview, panelist, networking",biz formal,"http://www.theory.com/LANAI/F0801129,default,pd.html?dwvar_F0801129_color=001&dwvar_F0801129_size=12&start=2&q=italian%20stretch%20wool%20open%20jacket",,,,,,,,,,
235,Theory,Jaylis Silk Shirtdress,T03.jpg,T03.jpg,395,dress,"happy hour, day to day, casual friday",biz casual,http://shop.nordstrom.com/s/theory-jaylis-silk-shirtdress-nordstrom-exclusive/4209308?origin=keywordsearch-personalizedsort&fashioncolor=BLACK,,,,,,,,,,
236,J. Crew,Perfect shirt in cotton-linen,JC80.jpg,JC81.jpg,65.9,blouse,"happy hour, day to day, casual friday","smart casual, biz casual",https://www.jcrew.com/browse/multi_product_detail.jsp?externalProductCodes=00000%3AE8476%3AE9584%3AE3719%3AF3209%3AF3153&PRODUCT%3C%3Eprd_id=845524441861609&FOLDER%3C%3Efolder_id=2534374302094011&bmUID=leQqpW6,,,,,,,,,,
237,J. Crew,BOUCLE DRESS,JCF01.jpg,JCF02.jpg,59.5,dress,"happy hour, day to day, casual friday, client meeting","smart casual, biz casual",https://factory.jcrew.com/womens-clothing/dresses/casualdresses/PRDOVR~E9591/E9591.jsp?color_name=dublin-green#,,,,,,,,,,
238,J. Crew,floral flared dress,JCF03.jpg,JCF04.jpg,49.5,dress,"happy hour, day to day, casual friday","smart casual, biz casual",https://factory.jcrew.com/womens-clothing/dresses/casualdresses/PRDOVR~C1691/C1691.jsp?color_name=indigo,,,,,,,,,,
239,J. Crew,SLEEVELESS SILK DRESS,JC83.jpg,JC84.jpg,178,dress,"happy hour, day to day, casual friday","smart casual, biz casual",https://www.jcrew.com/womens_category/dresses/day/PRDOVR~E9824/E9824.jsp?color_name=black,,,,,,,,,,
240,J. Crew,COLLECTION ITALIAN CASHMERE V-NECK DRESS,JC85.jpg,JC86.jpg,298,dress,"happy hour, day to day, casual friday","smart casual, tech casual",https://www.jcrew.com/womens_category/dresses/day/PRDOVR~E4895/E4895.jsp?color_name=black,,,,,,,,,,
241,Reiss,BLOCK-COLOUR DRESS NIMA,REI01.jpg,REI02.jpg,360,dress,"first day, big presentation, happy hour, client meeting, panelist","biz casual, biz formal",https://www.reiss.com/us/p/blockcolour-dress-womens-nima-in-off-whitepebble/,,,,,,,,,,
242,Reiss,block-colour jumpsuit heisen,REI03.jpg,REI04.jpg,425,jumpsuit,"big presentation, client meeting, panelist","biz casual, biz formal",https://www.reiss.com/us/p/beltdetail-jumpsuit-womens-heisen-in-whitepearl/?category_id=12437#,,,,,,,,,,
243,Reiss,Remi jacket,REI05.jpg,REI06.jpg,445,"blazer, suit","big presentation, client meeting, panelist, interview",biz formal,https://www.reiss.com/us/p/singlebreasted-blazer-womens-remi-jacket-in-grey-blue/?category_id=1129#,,,,,,,,,,
244,Reiss,Remi skirt,REI07.jpg,REI08.jpg,220,"skirt, suit","big presentation, client meeting, panelist, interview, networking, day to day","biz formal, biz casual",https://www.reiss.com/us/p/tailroed-pencil-skirt-womens-remi-in-grey-blue/?category_id=1129#,,,,,,,,,,
245,Reiss,Remi trouser,REI09.jpg,REI10.jpg,240,"pant, suit","big presentation, client meeting, panelist, interview, networking, day to day","biz formal, biz casual",https://www.reiss.com/us/p/tailored-trousers-womens-remi-trouser-in-grey-blue/?category_id=1129#,,,,,,,,,,
246,Reiss,elia dress,REI11.jpg,REI12.jpg,340,"dress, suit","big presentation, client meeting, panelist, interview, networking",biz formal,https://www.reiss.com/us/p/tailored-dress-womens-elia-in-black/?category_id=1129,,,,,,,,,,
247,Reiss,delo skirt,REI13.jpg,REI14.jpg,195,"skirt, suit","big presentation, client meeting, panelist, interview, networking","biz formal, biz casual",https://www.reiss.com/us/p/tailored-pencil-skirt-womens-delo-in-night-navy/?category_id=1129#,,,,,,,,,,
248,Reiss,delo jacket,REI15.jpg,REI16.jpg,425,"blazer, suit","big presentation, client meeting, panelist, interview",biz formal,https://www.reiss.com/us/p/singlebreasted-blazer-womens-delo-jacket-in-night-navy/?category_id=1129#,,,,,,,,,,
249,White House Black Market,ASYMMETRIC BODICE SLEEVELESS TOP,WHBM01.jpg,WHBM02.jpg,78,top,"happy hour, day to day, casual friday","biz casual, smart casual",https://www.whitehouseblackmarket.com/store/browse/product.jsp?productId=570168769&amp;prd=Asymmetric%20Bodice%20Sleeveless%20Top,,,,,,,,,,
250,White House Black Market,LAYERED PEPLUM SHEATH DRESS,WHBM03.jpg,WHBM04.jpg,160,dress,"first day, big presentation, happy hour, client meeting, panelist","biz casual, biz formal",https://www.whitehouseblackmarket.com/store/browse/product.jsp?productId=570171709&amp;prd=Petite%20Layered%20Peplum%20Sheath%20Dress,,,,,,,,,,
251,White House Black Market,COLORBLOCK HEM SWEATER DRESS,WHBM05.jpg,WHBM06.jpg,150,dress,"happy hour, day to day, casual Friday, networking",biz casual,https://www.whitehouseblackmarket.com/store/browse/product.jsp?productId=570179985&amp;prd=Colorblock%20Hem%20Sweater%20Dress,,,,,,,,,,
252,White House Black Market,HIGH-SLIT PENCIL SKIRT,WHBM07.jpg,WHBM08.jpg,88,skirt,"happy hour, day to day, networking, panelist, big presentation",biz casual,https://www.whitehouseblackmarket.com/store/product/highslit-pencil-skirt/570168606?color=1363&catId=cat6219285&fromSearch=true&scPos=1-1140-3533,,,,,,,,,,
253,J. Crew,Tipped cable sweater,JC87.jpg,JC88.jpg,79.99,sweater,"happy hour, day to day, casual Friday","biz casual, smart casual",https://www.jcrew.com/womens_category/sweaters/Pullover/PRDOVR~E7905/E7905.jsp,,,,,,,,,,
254,Black Halo,Jackie O belted Dress,BH01.jpg,BH02.jpg,345,dress,"big presentation, client meeting, panelist, interview, networking, first day","biz casual, biz formal",https://www.shopbop.com/jackie-belted-dress-black-halo/vp/v=1/845524441900351.htm?folderID=2534374302101243&fm=other-shopbysize-viewall&os=false&colorId=12867,,,,,,,,,,
255,Black Halo,OLIVE SHEATH DRESS,BH03.jpg,BH04.jpg,345,dress,"big presentation, client meeting, panelist, networking, happy hour, first day","biz casual, biz formal",https://www.shopbop.com/olive-sheath-dress-black-halo/vp/v=1/1543386284.htm,,,,,,,,,,
256,Rachel Pally,Heathcliff Jumpsuit,RP01.jpg,RP02.jpg,242,jumpsuit,"happy hour, day to day, casual Friday","smart casual, tech casual",https://www.shopbop.com/heathcliff-jumpsuit-rachel-pally/vp/v=1/845524441944670.htm?folderID=2534374302025521&fm=other-shopbysize-viewall&os=false&colorId=12867,,,,,,,,,,
257,Black Halo,3/4 sleeve jackie o dress,BH05.jpg,BH06.jpg,345,dress,"big presentation, client meeting, panelist, interview, networking, first day",biz formal,https://www.shopbop.com/sleeve-jackie-dress-black-halo/vp/v=1/1526060763.htm?folderID=2534374302063657&fm=other-shopbysize-viewall&os=false&colorId=10962,,,,,,,,,,
258,Zara,TOP with pleated hem,Z37.jpg,Z38.jpg,49.9,top,"happy hour, day to day, casual Friday, panelist","smart casual, biz casual",http://www.zara.com/us/en/woman/tops/blouses/top-with-pleated-hem-c0p3309077.html,,,,,,,,,,
259,Zara,Cropped top with pleat detail,Z39.jpg,Z40.jpg,49.9,top,"happy hour, day to day, casual friday","smart casual, tech casual",http://www.zara.com/us/en/woman/tops/cropped-top-with-pleat-detail-c0p3356542.html,,,,,,,,,,
260,Zara,pencil skirt,Z41.jpg,Z42.jpg,29.9,skirt,"happy hour, day to day, casual Friday, networking","smart casual, biz casual",http://www.zara.com/us/en/woman/skirts/view-all/pencil-skirt-c719016p3358027.html,,,,,,,,,,
261,Zara,Lady style dress,Z43.jpg,Z44.jpg,29.9,dress,"big presentation, client meeting, panelist, interview, networking, first day, day to day","biz casual, biz formal",http://www.zara.com/us/en/new-in/woman/view-all/lady-style-dress-c811528p3496005.html,,,,,,,,,,
262,Zara,double lapel blazer,Z45.jpg,Z46.jpg,99.9,blazer,"happy hour, day to day, casual Friday, networking, panelist","biz casual, smart casual",http://www.zara.com/us/en/new-in/woman/view-all/double-lapel-blazer-c811528p3502521.html,,,,,,,,,,
263,Reformation,Ghana dress,REF01.jpg,REF02.jpg,218,dress,"happy hour, day to day, casual Friday","smart casual, tech casual",https://www.thereformation.com/products/ghana-dress-flounder,,,,,,,,,,
264,Reformation,Tammy dress,REF03.jpg,REF04.jpg,138,dress,"happy hour, day to day, casual Friday","smart casual, tech casual",https://www.thereformation.com/products/tammy-dress-cognac,,,,,,,,,,
265,Reformation,Marigold dress,REF05.jpg,REF06.jpg,218,dress,"happy hour, day to day, casual Friday","smart casual, tech casual",https://www.thereformation.com/products/marigold-dress-sea-daisy,,,,,,,,,,
266,Ann Taylor,Ponte Stripe Tank,AT101.jpg,AT102.jpg,69.5,top,"happy hour, day to day, casual Friday","smart casual, biz casual, tech casual",http://www.anntaylor.com/ponte-stripe-tank/402027?skuId=20945381&defaultColor=1246&colorExplode=false&catid=cat70008,,,,,,,,,,
267,Ann Taylor,Bateau sweater,AT103.jpg,AT104.jpg,69.5,sweater,"happy hour, day to day, casual Friday","smart casual, biz casual, tech casual",http://www.anntaylor.com/bateau-sweater/393914?skuId=20801281&defaultColor=3906&colorExplode=false&catid=cata000011,,,,,,,,,,
268,Ann Taylor,Belted boatneck dress,AT105.jpg,AT107.jpg,119,dress,"networking, day to day, happy hour, casual Friday","smart casual, biz casual",http://www.anntaylor.com/belted-boatneck-dress/400090?skuId=20795405&defaultColor=4002&colorExplode=false&catid=cata000012,,,,,,,,,,
269,Ann Taylor,floral trip sleeveless sweater,AT106.jpg,AT108.jpg,98,top,"networking, day to day, happy hour, casual Friday, networking, panelist, first day","smart casual, biz casual",http://www.anntaylor.com/floral-trim-sleeveless-sweater/393183?skuId=20801946&defaultColor=9192&colorExplode=false&catid=cata000011,,,,,,,,,,
270,Ann Taylor,Twill arianna jacket,AT109.jpg,AT110.jpg,169,blazer,"big presentation, client meeting, panelist, interview, networking, first day","biz casual, biz formal",http://www.anntaylor.com/twill-arianna-jacket/400627?skuId=20682767&defaultColor=9012&colorExplode=false&catid=cata000017,,,,,,,,,,
271,BCBG,Gerry cropped trouser,BCBG39.jpg,BCBG40.jpg,138,pant,"happy hour, day to day, casual Friday","smart casual, tech casual",http://www.bcbg.com/en/gerry-cropped-trouser/RND2G023-101.html?dwvar_RND2G023-101_color=101,,,,,,,,,,
272,BCBG,Alinna deep scoop top,BCBG41.jpg,BCBG42.jpg,78,top,"happy hour, day to day, casual Friday","smart casual, tech casual",http://www.bcbg.com/en/alinna-deep-scoop-top/UFE1W341-100.html?dwvar_UFE1W341-100_color=100,,,,,,,,,,
273,BCBG,IZABELL COLLARED WRAP DRESS,BCBG43.jpg,BCBG44.jpg,159,dress,"networking, day to day, happy hour, casual Friday, networking, panelist, first day","biz casual, smart casual",http://www.bcbg.com/en/izabell-collared-wrap-dress/YXU67H45-U4J.html?dwvar_YXU67H45-U4J_color=U4J,,,,,,,,,,
274,Club Monaco,Ahlam Ruffle Tie Top,CM51.jpg,CM52.jpg,159.5,top,"happy hour, casual friday","smart casual, tech casual",http://www.clubmonaco.com/product/index.jsp?productId=89247826,,,,,,,,,,
275,Club Monaco,Aleedah side-tie top,CM53.jpg,CM54.jpg,169.5,top,"happy hour, casual friday","smart casual, tech casual",http://www.clubmonaco.com/product/index.jsp?productId=89247836,,,,,,,,,,
276,Club Monaco,Katsuen Lace Skirt,CM55.jpg,CM56.jpg,179.5,skirt,"networking, day to day, happy hour, casual Friday, panelist","biz casual, smart casual",http://www.clubmonaco.com/product/index.jsp?productId=89248106,,,,,,,,,,
277,Banana Republic,embroidered cotton tank,BR67.jpg,BR68.jpg,68,top,"happy hour, casual friday","smart casual, tech casual",http://bananarepublic.gap.com/browse/product.do?cid=1056333&vid=1&pid=172148002,,,,,,,,,,
278,Banana Republic,Geo sleeveless wrap dress,BR69.jpg,BR70.jpg,128,dress,"happy hour, casual friday",smart casual,http://bananarepublic.gap.com/browse/product.do?cid=1056331&vid=1&pid=184127002,,,,,,,,,,
279,Banana Republic,mosaic pencil skirt,BR71.jpg,BR72.jpg,98,skirt,"happy hour, casual Friday, day to day","biz casual, smart casual",http://bananarepublic.gap.com/browse/product.do?cid=1056331&vid=1&pid=184384002,,,,,,,,,,
280,Banana Republic,Embroidered Cotton/Modal Top,BR73.jpg,BR74.jpg,55,top,"happy hour, casual Friday, day to day","smart casual, tech casual",http://bananarepublic.gap.com/browse/product.do?cid=1056333&vid=1&pid=185255002,,,,,,,,,,
281,Ann Taylor,Double V Sweater,AT26.jpg,AT27.jpg,69.5,sweater,"happy hour, casual Friday, day to day, first day, client meeting, networking","biz casual, smart casual",http://www.anntaylor.com/double-v-sweater/393111?skuId=20592868&defaultColor=5672&colorExplode=false&catid=cata000011,,,,,,,,,,
282,Ann Taylor,linen basketweave 3/4 sleeve blazer,AT77.jpg,AT78.jpg,179,blazer,"big presentation, client meeting, panelist,  networking, first day","biz casual, biz formal",http://www.anntaylor.com/linen-basketweave-3/4-sleeve-blazer/403419?skuId=20682910&defaultColor=1321&colorExplode=false&catid=cata000017,,,,,,,,,,
283,Ann Taylor,Cotton Sateen Split Neck Sheath Dress,AT02.jpg,AT54.jpg,139,dress,"big presentation, client meeting, panelist,  networking, first day, day to day, happy hour","biz casual, biz formal",http://www.anntaylor.com/cotton-sateen-split-neck-sheath-dress/401053?skuId=20795399&defaultColor=1246&colorExplode=false&catid=cata000012,,,,,,,,,,
284,Ann Taylor,Piped doubleweave sheath dress,AT03.jpg,AT56.jpg,139,dress,"big presentation, client meeting, panelist,  networking, first day, day to day, happy hour","biz casual, biz formal",http://www.anntaylor.com/piped-doubleweave-sheath-dress/390513?skuId=20575984&defaultColor=9004&colorExplode=false&catid=cata000012,,,,,,,,,,
285,Ann Taylor,sleeveless piped sheath dress,AT49.jpg,AT50.jpg,99.88,dress,"big presentation, client meeting, panelist,  networking, first day, day to day, happy hour","biz casual, biz formal",http://www.anntaylor.com/sleeveless-piped-sheath-dress/386636?skuId=20235048&defaultColor=5458&colorExplode=false&catid=cata000012,,,,,,,,,,
286,Ann Taylor,Safari Trench Dress,AT111.jpg,AT112.jpg,129.99,dress,"happy hour, casual Friday, day to day","smart casual, tech casual",http://www.anntaylor.com/safari-trench-dress/388420?skuId=20531119&defaultColor=9015&colorExplode=false&catid=cata000012,,,,,,,,,,
